{"schemaVersion":"1.0","appDefinitionTemplate":{"id":"/providers/Microsoft.PowerApps/apps/","type":"Microsoft.PowerApps/apps","tags":{"primaryDeviceWidth":"1366","primaryDeviceHeight":"768","supportsPortrait":"true","supportsLandscape":"true","primaryFormFactor":"Tablet","showStatusBar":"false","publisherVersion":"3.24032.26","minimumRequiredApiVersion":"2.2.0","hasComponent":"false","hasUnlockedComponent":"false","isUnifiedRootApp":"false","offlineLargeFilesSupport":"false","sienaVersion":"20240403T045930Z-3.24032.26.0"},"properties":{"appVersion":"2024-04-03T04:59:30Z","lifeCycleId":"Published","createdByClientVersion":{"major":3,"minor":24032,"build":26,"revision":0,"majorRevision":0,"minorRevision":0},"minClientVersion":{"major":3,"minor":24032,"build":26,"revision":0,"majorRevision":0,"minorRevision":0},"backgroundColor":"RGBA(0,176,240,1)","backgroundImageUri":"/2636723121897575062/Nba55f641-179d-4516-96e6-bdfd82dd7e44-logoSmallFile","displayName":"File Management System","description":"","commitMessage":"","appUris":{"documentUri":{"value":"/2636723121897575062/Nd457bec3-31ba-454d-a349-59c963a4b98b-document.msapp"},"imageUris":[],"additionalUris":[{"isSolutionAware":false,"value":"/2636723121897575062/N43e646f0-3c85-4deb-8274-acdcca015560-identity.json"}]},"createdTime":"0001-01-01T00:00:00Z","lastModifiedTime":"0001-01-01T00:00:00Z","sharedGroupsCount":0,"sharedUsersCount":0,"connectionReferences":{"3b857c8a-ce1f-4f54-a205-0a40138fff6e":{"id":"b5819eb2-2797-4649-8e73-77a339341051","displayName":"SharePoint","iconUri":"https://connectoricons-prod.azureedge.net/releases/v1.0.1682/1.0.1682.3676/sharepointonline/icon.png","dataSources":["File repository","Requestors list","Cascading","Doc Files"],"dependencies":[],"dependents":[],"parameterHints":{},"parameterHintsV2":{},"isOnPremiseConnection":false,"dataSets":{"https://xs6d5.sharepoint.com/sites/MyTeamSite":{"dataSources":{"File repository":{"tableName":"b1da4942-9a34-41b4-a368-0104085b56e0"},"Requestors list":{"tableName":"13002913-dfec-4a3a-aa53-6b2811111e8c"},"Cascading":{"tableName":"f7d42f4d-19ce-4d1b-bc28-86cb54b4678d"},"Doc Files":{"tableName":"b4780c75-4a79-4faf-8251-c2bccab74388"}}}},"apiTier":"Standard","isCustomApiConnection":false,"actions":["providers/PowerPlatform.Governance/Operations/Read","providers/PowerPlatform.Governance/Operations/Write"]}},"databaseReferences":{},"almMode":"Environment","performanceOptimizationEnabled":true,"canConsumeAppPass":true,"enableModernRuntimeMode":false,"executionRestrictions":{"isTeamsOnly":false,"dataLossPreventionEvaluationResult":{"status":"Compliant","lastEvaluationDate":"2024-04-03T04:59:32.8832579Z","violations":[],"violationsByPolicy":[],"violationErrorMessage":"The app uses the following connectors: shared_sharepointonline."}}},"appType":"ClassicCanvasApp","appComponents":[]}}